"","uid","articleId1","realness","accuracy"
"1",1,"2",3,4
"2",2,"3",3,2
"3",3,"1",3,2
"4",4,"1",4,5
"5",5,"2",4,5
"6",6,"1",2,2
"7",7,"1",3,4
"8",8,"2",3,3
"9",9,"3",5,4
"10",10,"2",4,5
"11",11,"3",4,3
"12",12,"1",2,2
"13",13,"1",3,3
"14",14,"3",1,1
"15",15,"1",3,3
"16",16,"3",4,4
"17",18,"2",4,4
"18",19,"3",2,2
"19",20,"1",4,4
"20",21,"2",3,3
"21",22,"3",3,2
"22",23,"3",4,4
"23",24,"1",4,4
"24",25,"2",4,3
"25",26,"2",5,5
"26",27,"1",5,5
"27",28,"2",3,3
"28",29,"3",4,5
"29",30,"2",3,4
"30",31,"2",3,4
"31",32,"2",4,4
"32",33,"2",5,3
"33",34,"2",3,3
"34",35,"2",4,3
"35",36,"3",2,2
"36",37,"1",2,5
"37",38,"3",5,4
"38",39,"3",4,5
"39",40,"1",3,3
"40",41,"3",4,5
"41",42,"3",4,3
"42",43,"1",4,3
"43",44,"3",5,5
"44",45,"1",5,4
"45",46,"2",4,4
"46",47,"1",4,4
"47",48,"3",4,4
"48",49,"2",4,3
"49",50,"1",2,1
"50",51,"1",3,2
"51",52,"2",3,4
"52",53,"1",3,3
"53",55,"2",5,5
"54",56,"3",4,5
"55",57,"2",4,4
"56",58,"3",4,5
"57",59,"1",4,4
"58",60,"1",4,3
"59",61,"1",3,3
"60",62,"3",3,3
"61",63,"3",1,1
"62",64,"1",4,4
"63",65,"3",4,2
"64",66,"3",3,4
"65",67,"2",4,4
"66",68,"1",4,3
"67",69,"2",5,5
"68",70,"2",4,4
"69",71,"3",4,3
"70",72,"2",2,3
"71",73,"2",3,5
"72",74,"1",1,2
"73",75,"1",5,5
"74",76,"1",4,5
"75",77,"2",3,4
"76",78,"3",4,4
"77",79,"3",3,3
"78",82,"2",3,3
"79",83,"3",2,3
"80",84,"3",3,2
"81",85,"2",4,4
"82",86,"1",3,4
"83",87,"1",4,4
"84",88,"2",3,4
"85",89,"1",3,2
"86",90,"2",3,4
"87",91,"3",5,5
"88",92,"3",4,4
"89",93,"1",4,5
"90",94,"1",3,3
"91",95,"3",2,2
"92",96,"2",3,2
"93",97,"2",5,5
"94",98,"3",4,5
"95",99,"2",2,3
"96",100,"3",2,2
"97",101,"1",4,4
"98",102,"1",2,1
"99",103,"1",4,4
"100",104,"2",4,4
"101",105,"3",4,5
"102",106,"1",4,4
"103",107,"1",4,4
"104",108,"2",4,4
"105",109,"1",4,3
"106",110,"3",3,3
"107",111,"1",4,3
"108",112,"3",4,2
"109",113,"2",5,5
"110",114,"3",3,3
"111",115,"1",4,3
"112",116,"3",4,4
"113",117,"2",4,4
"114",118,"1",4,4
"115",119,"1",4,3
"116",120,"1",5,5
"117",121,"1",4,3
"118",122,"3",4,4
"119",123,"2",4,3
"120",124,"2",5,4
"121",125,"2",4,5
"122",126,"3",5,4
"123",127,"1",4,5
"124",128,"3",4,4
"125",129,"3",4,5
"126",130,"3",4,4
"127",131,"2",4,3
"128",132,"3",2,3
"129",133,"3",4,4
"130",134,"1",4,5
"131",135,"1",4,3
"132",136,"2",5,4
"133",137,"2",4,4
"134",138,"3",2,1
"135",139,"3",5,4
"136",140,"2",4,4
"137",141,"1",3,3
"138",142,"2",3,3
"139",143,"1",3,2
"140",144,"1",4,4
"141",145,"1",4,3
"142",146,"3",2,3
"143",147,"2",4,4
"144",148,"3",3,3
"145",149,"1",3,4
"146",150,"2",4,3
"147",151,"2",5,5
"148",152,"2",5,5
"149",153,"2",4,5
"150",154,"1",2,2
"151",155,"1",4,4
"152",156,"1",4,4
"153",157,"1",3,4
"154",158,"2",1,1
"155",159,"2",5,5
"156",160,"2",3,3
"157",161,"2",2,3
"158",162,"3",3,4
"159",163,"1",2,2
"160",164,"1",3,3
"161",165,"3",4,4
"162",167,"3",3,2
"163",168,"3",3,4
"164",169,"3",4,3
"165",170,"3",2,3
"166",171,"3",3,4
"167",173,"3",4,5
"168",174,"2",5,5
"169",176,"2",4,4
"170",177,"2",4,4
"171",178,"1",3,3
"172",179,"2",3,2
"173",180,"3",2,3
"174",181,"1",4,3
"175",183,"1",4,3
"176",184,"3",4,4
"177",185,"2",4,4
"178",186,"1",4,5
"179",187,"2",3,4
"180",188,"1",3,3
"181",189,"3",4,5
"182",190,"2",2,4
"183",191,"3",1,1
"184",192,"1",4,3
"185",193,"1",4,4
"186",194,"1",3,4
"187",195,"1",5,4
"188",196,"1",5,4
"189",197,"3",4,2
"190",198,"1",2,3
"191",199,"1",4,3
"192",200,"3",4,4
"193",201,"1",4,5
"194",202,"2",4,3
"195",203,"2",4,3
"196",204,"2",5,4
"197",205,"1",3,3
"198",206,"2",3,3
"199",207,"2",3,3
"200",208,"3",4,3
"201",209,"3",4,4
"202",210,"3",4,3
"203",211,"3",4,3
"204",212,"2",2,2
"205",213,"1",5,5
"206",214,"2",4,5
"207",215,"2",4,3
"208",216,"3",4,3
"209",217,"1",4,5
"210",218,"1",3,2
"211",219,"3",4,3
"212",220,"3",4,3
"213",221,"3",5,4
"214",223,"2",2,2
"215",224,"2",4,5
"216",225,"2",4,4
"217",226,"2",4,5
"218",227,"1",4,4
"219",228,"3",4,3
"220",229,"3",5,4
"221",230,"3",2,1
"222",231,"1",5,4
"223",232,"2",3,4
"224",233,"2",4,4
"225",234,"2",4,3
"226",235,"1",4,4
"227",236,"3",5,5
"228",237,"2",5,4
"229",238,"1",4,3
"230",239,"1",4,4
"231",240,"2",3,3
"232",241,"2",4,5
"233",243,"3",4,4
"234",244,"1",4,4
"235",245,"1",3,2
"236",246,"2",4,4
"237",247,"3",4,5
"238",248,"2",4,4
"239",249,"2",5,4
"240",250,"2",4,4
"241",251,"1",4,5
"242",252,"2",5,4
"243",253,"3",4,4
"244",254,"2",4,5
"245",255,"1",3,4
"246",256,"3",5,4
"247",257,"3",5,4
"248",258,"3",4,4
"249",259,"3",4,3
"250",260,"2",4,4
"251",261,"3",3,2
"252",262,"1",3,4
"253",263,"2",4,4
"254",264,"3",4,5
"255",265,"3",3,2
"256",266,"2",3,4
"257",267,"3",3,4
"258",268,"1",4,4
"259",269,"3",4,3
"260",270,"3",2,2
"261",272,"1",5,5
"262",273,"1",1,2
"263",274,"1",3,4
"264",275,"2",4,4
"265",276,"3",5,5
"266",277,"2",4,3
"267",278,"3",2,4
"268",279,"1",2,2
"269",280,"2",4,4
"270",281,"2",4,3
"271",282,"3",4,5
"272",283,"3",2,2
"273",284,"2",3,3
"274",285,"1",2,3
"275",287,"2",4,5
"276",288,"3",3,4
"277",289,"1",4,5
"278",290,"2",3,3
"279",291,"3",4,5
"280",293,"2",4,5
"281",294,"2",4,3
"282",295,"1",5,4
"283",296,"3",4,4
"284",297,"2",5,5
"285",298,"1",3,3
"286",299,"2",5,5
"287",300,"3",5,4
"288",301,"3",3,4
"289",302,"3",3,3
"290",303,"1",1,1
"291",304,"3",1,1
"292",305,"1",3,2
"293",307,"1",3,3
"294",308,"2",4,3
"295",309,"2",4,4
"296",310,"3",2,3
"297",311,"2",1,1
"298",312,"1",5,5
"299",313,"1",4,4
"300",314,"3",2,2
"301",315,"1",4,3
"302",316,"1",3,2
"303",317,"2",4,5
"304",318,"3",4,5
"305",319,"3",4,5
"306",320,"1",2,2
"307",321,"2",3,3
"308",322,"1",4,4
"309",323,"2",4,5
"310",324,"2",4,5
"311",325,"2",4,4
"312",326,"3",4,4
"313",327,"1",4,4
"314",328,"3",4,4
"315",329,"3",4,4
"316",330,"3",3,4
"317",331,"2",3,4
"318",332,"2",4,4
"319",333,"2",4,3
"320",334,"2",3,3
"321",335,"2",1,1
"322",336,"1",4,5
"323",337,"1",4,5
"324",338,"1",1,1
"325",339,"3",4,4
"326",340,"1",4,4
"327",341,"2",4,4
"328",342,"2",4,5
"329",1,"4",3,4
"330",2,"6",2,2
"331",3,"5",4,4
"332",4,"5",4,3
"333",5,"4",3,4
"334",6,"4",4,3
"335",7,"4",4,5
"336",8,"5",3,3
"337",9,"6",5,4
"338",10,"6",2,2
"339",11,"6",5,5
"340",12,"6",1,1
"341",13,"4",2,2
"342",14,"4",1,1
"343",15,"6",4,3
"344",16,"5",4,4
"345",18,"6",3,3
"346",19,"4",2,1
"347",20,"6",5,4
"348",21,"5",4,4
"349",22,"6",4,3
"350",23,"5",3,3
"351",24,"5",5,5
"352",25,"5",1,2
"353",26,"4",5,4
"354",27,"4",5,5
"355",28,"4",3,2
"356",29,"4",2,3
"357",30,"4",2,2
"358",31,"6",4,3
"359",32,"5",3,3
"360",33,"5",4,4
"361",34,"4",2,2
"362",35,"5",3,2
"363",36,"5",4,4
"364",37,"6",2,5
"365",38,"4",3,3
"366",39,"4",4,4
"367",40,"4",2,2
"368",41,"4",3,2
"369",42,"6",4,3
"370",43,"5",4,4
"371",44,"4",5,5
"372",45,"4",4,4
"373",46,"5",4,3
"374",47,"6",2,3
"375",48,"5",4,4
"376",49,"6",4,3
"377",50,"5",2,3
"378",51,"6",2,1
"379",52,"5",4,4
"380",53,"6",4,4
"381",55,"6",4,5
"382",56,"6",4,5
"383",57,"6",4,5
"384",58,"4",3,2
"385",59,"6",5,4
"386",60,"4",1,2
"387",61,"5",2,1
"388",62,"5",2,2
"389",63,"6",5,5
"390",64,"5",4,4
"391",65,"5",3,5
"392",66,"4",2,1
"393",67,"4",2,2
"394",68,"5",3,2
"395",69,"6",5,4
"396",70,"4",5,4
"397",71,"4",3,3
"398",72,"5",4,3
"399",73,"6",4,4
"400",74,"5",2,2
"401",75,"6",5,5
"402",76,"4",4,4
"403",77,"4",4,3
"404",78,"6",3,3
"405",79,"6",4,4
"406",82,"4",2,2
"407",83,"5",1,1
"408",84,"4",2,2
"409",85,"4",4,4
"410",86,"5",2,3
"411",87,"4",4,4
"412",88,"6",4,4
"413",89,"5",4,3
"414",90,"5",3,5
"415",91,"6",3,4
"416",92,"5",2,2
"417",93,"5",4,4
"418",94,"4",4,4
"419",95,"4",2,3
"420",96,"6",2,1
"421",97,"6",4,5
"422",98,"4",5,4
"423",99,"4",1,2
"424",100,"6",3,3
"425",101,"5",3,3
"426",102,"4",1,1
"427",103,"5",3,4
"428",104,"6",2,3
"429",105,"6",3,3
"430",106,"6",5,5
"431",107,"4",4,2
"432",108,"6",4,3
"433",109,"4",4,3
"434",110,"6",4,3
"435",111,"5",4,4
"436",112,"4",5,4
"437",113,"5",4,4
"438",114,"6",3,2
"439",115,"5",3,3
"440",116,"5",3,5
"441",117,"4",3,3
"442",118,"4",4,4
"443",119,"6",4,5
"444",120,"4",2,2
"445",121,"4",3,4
"446",122,"5",5,4
"447",123,"6",2,1
"448",124,"4",3,2
"449",125,"4",4,4
"450",126,"6",4,4
"451",127,"6",4,3
"452",128,"4",3,2
"453",129,"5",3,4
"454",130,"6",4,3
"455",131,"5",3,4
"456",132,"5",3,2
"457",133,"4",3,3
"458",134,"6",3,2
"459",135,"5",4,5
"460",136,"6",3,4
"461",137,"5",3,3
"462",138,"6",1,2
"463",139,"5",5,4
"464",140,"5",3,3
"465",141,"6",4,3
"466",142,"6",3,4
"467",143,"4",3,4
"468",144,"4",4,4
"469",145,"6",4,3
"470",146,"4",4,4
"471",147,"5",4,3
"472",148,"4",2,2
"473",149,"4",4,4
"474",150,"5",3,3
"475",151,"6",3,4
"476",152,"5",4,4
"477",153,"6",4,5
"478",154,"5",1,1
"479",155,"5",4,3
"480",156,"5",4,4
"481",157,"5",4,3
"482",158,"4",3,3
"483",159,"4",2,2
"484",160,"5",4,4
"485",161,"5",3,3
"486",162,"6",4,4
"487",163,"5",1,1
"488",164,"5",3,3
"489",165,"4",4,3
"490",167,"4",2,1
"491",168,"5",3,1
"492",169,"6",3,4
"493",170,"6",4,3
"494",171,"5",4,4
"495",173,"4",4,4
"496",174,"6",5,5
"497",176,"6",4,3
"498",177,"4",4,4
"499",178,"4",4,3
"500",179,"5",3,4
"501",180,"6",5,5
"502",181,"5",4,5
"503",183,"5",4,5
"504",184,"4",3,3
"505",185,"4",2,2
"506",186,"5",4,4
"507",187,"6",3,2
"508",188,"4",2,1
"509",189,"5",4,4
"510",190,"6",4,3
"511",191,"5",5,5
"512",192,"4",2,1
"513",193,"4",2,2
"514",194,"5",4,3
"515",195,"4",3,4
"516",196,"4",5,5
"517",197,"5",1,1
"518",198,"6",3,4
"519",199,"4",3,4
"520",200,"5",4,4
"521",201,"4",4,5
"522",202,"5",4,4
"523",203,"5",4,3
"524",204,"6",4,3
"525",205,"6",4,4
"526",206,"6",2,3
"527",207,"6",4,4
"528",208,"5",4,4
"529",209,"5",5,5
"530",210,"5",2,3
"531",211,"4",4,4
"532",212,"5",1,1
"533",213,"4",4,3
"534",214,"6",4,4
"535",215,"6",3,2
"536",216,"6",5,3
"537",217,"5",4,5
"538",218,"4",4,4
"539",219,"6",4,2
"540",220,"6",4,3
"541",221,"6",4,5
"542",223,"4",3,3
"543",224,"4",4,3
"544",225,"6",3,3
"545",226,"6",3,4
"546",227,"5",3,3
"547",228,"5",4,4
"548",229,"6",4,3
"549",230,"5",1,1
"550",231,"4",5,4
"551",232,"4",3,2
"552",233,"4",4,4
"553",234,"6",5,4
"554",235,"4",3,2
"555",236,"6",3,3
"556",237,"4",5,3
"557",238,"5",4,3
"558",239,"5",4,4
"559",240,"4",4,4
"560",241,"4",4,4
"561",243,"4",5,5
"562",244,"4",3,4
"563",245,"5",3,3
"564",246,"6",5,5
"565",247,"5",5,4
"566",248,"4",3,4
"567",249,"6",4,3
"568",250,"6",3,2
"569",251,"6",5,4
"570",252,"6",5,4
"571",253,"4",4,4
"572",254,"4",5,4
"573",255,"5",4,3
"574",256,"5",4,3
"575",257,"5",5,4
"576",258,"4",3,3
"577",259,"6",3,4
"578",260,"6",4,3
"579",261,"5",2,2
"580",262,"6",4,2
"581",263,"5",4,3
"582",264,"4",4,5
"583",265,"6",4,4
"584",266,"5",4,5
"585",267,"5",2,3
"586",268,"6",3,3
"587",269,"6",3,4
"588",270,"6",4,4
"589",272,"4",5,5
"590",273,"5",3,2
"591",274,"4",2,2
"592",275,"4",4,4
"593",276,"6",5,5
"594",277,"6",3,4
"595",278,"5",1,1
"596",279,"4",1,2
"597",280,"4",3,3
"598",281,"4",5,5
"599",282,"6",2,3
"600",283,"6",4,3
"601",284,"6",2,3
"602",285,"4",4,3
"603",287,"5",4,5
"604",288,"4",2,2
"605",289,"6",5,5
"606",290,"5",2,2
"607",291,"4",3,3
"608",293,"6",4,5
"609",294,"6",3,2
"610",295,"6",4,5
"611",296,"4",3,3
"612",297,"6",3,3
"613",298,"6",3,3
"614",299,"4",2,1
"615",300,"4",4,4
"616",301,"5",2,3
"617",302,"5",2,1
"618",303,"4",1,1
"619",304,"5",2,1
"620",305,"5",2,3
"621",307,"6",3,3
"622",308,"5",5,5
"623",309,"5",1,2
"624",310,"5",2,2
"625",311,"6",1,1
"626",312,"5",5,5
"627",313,"5",4,4
"628",314,"6",3,2
"629",315,"4",3,3
"630",316,"5",4,4
"631",317,"5",4,3
"632",318,"6",5,4
"633",319,"6",4,5
"634",320,"5",3,3
"635",321,"5",3,3
"636",322,"5",4,4
"637",323,"4",4,4
"638",324,"4",3,4
"639",325,"6",4,4
"640",326,"6",2,3
"641",327,"5",3,3
"642",328,"4",2,1
"643",329,"5",4,5
"644",330,"5",2,1
"645",331,"6",2,3
"646",332,"6",4,3
"647",333,"5",2,3
"648",334,"4",4,4
"649",335,"4",1,1
"650",336,"6",4,4
"651",337,"4",5,4
"652",338,"5",3,3
"653",339,"6",2,2
"654",340,"5",3,3
"655",341,"5",4,5
"656",342,"5",2,1
"657",1,"9",2,3
"658",2,"8",4,3
"659",3,"7",3,3
"660",4,"8",4,5
"661",5,"7",4,5
"662",6,"8",5,4
"663",7,"9",4,5
"664",8,"7",3,3
"665",9,"9",5,5
"666",10,"7",4,3
"667",11,"8",5,5
"668",12,"8",4,4
"669",13,"7",3,3
"670",14,"7",1,1
"671",15,"8",5,4
"672",16,"8",4,4
"673",18,"9",5,5
"674",19,"8",4,5
"675",20,"9",4,3
"676",21,"8",4,4
"677",22,"8",4,4
"678",23,"9",4,4
"679",24,"8",5,5
"680",25,"7",3,2
"681",26,"7",4,3
"682",27,"8",4,3
"683",28,"9",3,3
"684",29,"9",4,4
"685",30,"7",4,3
"686",31,"9",3,5
"687",32,"7",3,3
"688",33,"8",4,4
"689",34,"7",3,2
"690",35,"7",2,2
"691",36,"9",4,5
"692",37,"7",2,5
"693",38,"7",5,4
"694",39,"7",5,4
"695",40,"8",4,4
"696",41,"7",3,4
"697",42,"9",4,3
"698",43,"9",3,2
"699",44,"9",5,4
"700",45,"7",5,3
"701",46,"8",4,3
"702",47,"8",5,4
"703",48,"9",4,3
"704",49,"9",4,2
"705",50,"8",4,3
"706",51,"9",4,2
"707",52,"7",2,2
"708",53,"9",4,4
"709",55,"8",5,4
"710",56,"8",5,5
"711",57,"7",3,3
"712",58,"7",4,5
"713",59,"8",5,5
"714",60,"9",4,3
"715",61,"7",3,3
"716",62,"9",3,3
"717",63,"9",5,5
"718",64,"8",5,4
"719",65,"8",3,4
"720",66,"7",4,3
"721",67,"8",4,4
"722",68,"8",4,4
"723",69,"7",4,3
"724",70,"8",4,4
"725",71,"7",3,3
"726",72,"9",5,5
"727",73,"9",2,4
"728",74,"7",1,1
"729",75,"7",5,5
"730",76,"7",3,4
"731",77,"8",5,4
"732",78,"9",4,4
"733",79,"9",4,4
"734",82,"8",2,2
"735",83,"9",4,3
"736",84,"9",3,3
"737",85,"9",4,3
"738",86,"7",3,1
"739",87,"7",4,4
"740",88,"7",4,4
"741",89,"7",3,4
"742",90,"7",3,4
"743",91,"8",5,4
"744",92,"9",4,3
"745",93,"7",4,4
"746",94,"9",5,4
"747",95,"7",3,3
"748",96,"7",1,2
"749",97,"9",4,5
"750",98,"8",5,4
"751",99,"7",1,1
"752",100,"8",4,4
"753",101,"7",4,4
"754",102,"7",1,1
"755",103,"7",4,4
"756",104,"8",4,3
"757",105,"9",4,4
"758",106,"9",4,4
"759",107,"8",4,5
"760",108,"9",4,4
"761",109,"8",4,3
"762",110,"9",3,3
"763",111,"7",2,3
"764",112,"9",5,5
"765",113,"8",5,5
"766",114,"8",3,2
"767",115,"7",5,5
"768",116,"8",5,4
"769",117,"8",2,2
"770",118,"9",5,5
"771",119,"9",5,3
"772",120,"9",2,4
"773",121,"9",4,3
"774",122,"8",5,5
"775",123,"8",4,3
"776",124,"8",4,4
"777",125,"8",5,5
"778",126,"7",3,2
"779",127,"9",5,5
"780",128,"9",3,3
"781",129,"9",5,4
"782",130,"8",5,4
"783",131,"9",2,1
"784",132,"8",4,5
"785",133,"9",5,5
"786",134,"9",4,3
"787",135,"7",3,4
"788",136,"7",2,3
"789",137,"7",2,2
"790",138,"8",1,1
"791",139,"7",4,4
"792",140,"7",2,2
"793",141,"8",5,4
"794",142,"8",5,5
"795",143,"9",2,1
"796",144,"8",3,3
"797",145,"7",4,4
"798",146,"8",5,4
"799",147,"7",2,2
"800",148,"8",2,2
"801",149,"8",2,2
"802",150,"7",3,4
"803",151,"8",2,3
"804",152,"8",4,4
"805",153,"9",5,4
"806",154,"7",2,2
"807",155,"7",3,3
"808",156,"8",5,5
"809",157,"8",4,4
"810",158,"7",1,1
"811",159,"8",5,5
"812",160,"7",4,4
"813",161,"9",4,4
"814",162,"9",4,4
"815",163,"7",1,2
"816",164,"8",4,4
"817",165,"9",3,3
"818",167,"8",4,3
"819",168,"9",4,2
"820",169,"9",4,4
"821",170,"9",3,2
"822",171,"9",2,3
"823",173,"8",5,4
"824",174,"9",5,4
"825",176,"9",4,3
"826",177,"7",4,4
"827",178,"7",4,5
"828",179,"7",1,2
"829",180,"9",3,3
"830",181,"8",4,3
"831",183,"9",3,3
"832",184,"9",4,3
"833",185,"8",4,4
"834",186,"9",5,4
"835",187,"9",4,3
"836",188,"9",4,4
"837",189,"7",4,4
"838",190,"8",5,3
"839",191,"8",5,5
"840",192,"8",4,3
"841",193,"7",4,3
"842",194,"7",4,4
"843",195,"7",5,5
"844",196,"7",1,1
"845",197,"7",4,3
"846",198,"7",2,3
"847",199,"8",4,3
"848",200,"8",5,5
"849",201,"7",4,5
"850",202,"8",5,4
"851",203,"7",4,3
"852",204,"9",4,4
"853",205,"7",4,5
"854",206,"9",4,3
"855",207,"8",5,5
"856",208,"7",3,4
"857",209,"8",4,4
"858",210,"9",4,3
"859",211,"9",4,4
"860",212,"8",3,3
"861",213,"7",4,3
"862",214,"9",1,2
"863",215,"9",4,5
"864",216,"9",5,5
"865",217,"7",5,5
"866",218,"8",3,2
"867",219,"7",4,2
"868",220,"9",4,4
"869",221,"9",4,4
"870",223,"8",3,3
"871",224,"8",5,4
"872",225,"8",4,4
"873",226,"8",5,4
"874",227,"7",3,3
"875",228,"7",5,3
"876",229,"9",4,4
"877",230,"8",4,4
"878",231,"8",5,4
"879",232,"9",4,3
"880",233,"9",5,4
"881",234,"9",2,2
"882",235,"7",3,2
"883",236,"9",4,4
"884",237,"7",3,3
"885",238,"8",3,4
"886",239,"8",5,4
"887",240,"8",4,4
"888",241,"8",4,5
"889",243,"9",4,4
"890",244,"8",5,5
"891",245,"7",1,1
"892",246,"7",5,5
"893",247,"9",4,3
"894",248,"9",4,3
"895",249,"7",4,5
"896",250,"9",2,3
"897",251,"7",4,4
"898",252,"7",5,4
"899",253,"9",3,3
"900",254,"8",4,4
"901",255,"7",4,5
"902",256,"7",3,4
"903",257,"8",5,5
"904",258,"9",5,5
"905",259,"9",4,3
"906",260,"7",1,1
"907",261,"8",4,4
"908",262,"7",1,2
"909",263,"7",3,3
"910",264,"9",5,4
"911",265,"8",4,4
"912",266,"7",1,1
"913",267,"8",4,4
"914",268,"8",3,3
"915",269,"8",3,4
"916",270,"9",4,4
"917",272,"9",5,5
"918",273,"8",2,2
"919",274,"7",3,3
"920",275,"7",4,4
"921",276,"8",5,5
"922",277,"9",4,3
"923",278,"7",2,2
"924",279,"9",3,2
"925",280,"8",4,4
"926",281,"8",5,4
"927",282,"8",5,4
"928",283,"7",1,1
"929",284,"7",4,4
"930",285,"8",4,4
"931",287,"7",5,4
"932",288,"7",4,3
"933",289,"7",5,4
"934",290,"8",4,4
"935",291,"7",4,4
"936",293,"9",3,4
"937",294,"9",4,4
"938",295,"8",5,4
"939",296,"9",4,4
"940",297,"9",1,1
"941",298,"7",4,4
"942",299,"9",3,3
"943",300,"8",5,5
"944",301,"8",3,4
"945",302,"7",1,2
"946",303,"8",3,3
"947",304,"8",3,3
"948",305,"8",3,3
"949",307,"8",3,3
"950",308,"8",4,4
"951",309,"9",3,3
"952",310,"9",4,3
"953",311,"9",1,1
"954",312,"8",5,5
"955",313,"7",4,4
"956",314,"9",1,1
"957",315,"8",5,4
"958",316,"7",4,3
"959",317,"8",5,4
"960",318,"9",4,4
"961",319,"7",4,5
"962",320,"7",3,3
"963",321,"9",2,2
"964",322,"9",4,4
"965",323,"7",5,4
"966",324,"9",4,3
"967",325,"9",4,4
"968",326,"7",2,3
"969",327,"9",4,4
"970",328,"8",3,3
"971",329,"7",5,4
"972",330,"9",4,5
"973",331,"9",3,4
"974",332,"7",4,2
"975",333,"8",2,1
"976",334,"8",5,4
"977",335,"8",4,4
"978",336,"8",5,4
"979",337,"8",4,5
"980",338,"7",1,1
"981",339,"9",4,4
"982",340,"9",4,4
"983",341,"9",4,3
"984",342,"8",4,5
"985",1,"12",2,3
"986",2,"11",4,3
"987",3,"10",2,2
"988",4,"11",4,3
"989",5,"10",4,5
"990",6,"11",4,3
"991",7,"12",3,4
"992",8,"10",4,4
"993",9,"12",5,5
"994",10,"10",5,5
"995",11,"11",4,3
"996",12,"10",2,1
"997",13,"10",3,3
"998",14,"12",1,1
"999",15,"12",4,3
"1000",16,"11",4,4
"1001",18,"12",4,4
"1002",19,"12",4,5
"1003",20,"11",5,4
"1004",21,"12",4,3
"1005",22,"10",3,3
"1006",23,"11",4,4
"1007",24,"11",4,4
"1008",25,"10",4,5
"1009",26,"11",4,3
"1010",27,"12",2,1
"1011",28,"10",3,3
"1012",29,"10",2,3
"1013",30,"10",2,3
"1014",31,"11",2,4
"1015",32,"10",3,3
"1016",33,"11",4,4
"1017",34,"12",4,3
"1018",35,"11",3,3
"1019",36,"11",3,2
"1020",37,"12",2,5
"1021",38,"12",5,5
"1022",39,"10",3,3
"1023",40,"12",4,4
"1024",41,"10",4,3
"1025",42,"12",4,3
"1026",43,"10",5,4
"1027",44,"11",5,5
"1028",45,"12",4,5
"1029",46,"11",4,5
"1030",47,"12",5,5
"1031",48,"12",2,2
"1032",49,"10",4,4
"1033",50,"11",4,5
"1034",51,"11",4,3
"1035",52,"10",2,2
"1036",53,"10",4,4
"1037",55,"10",2,2
"1038",56,"11",3,3
"1039",57,"10",3,3
"1040",58,"12",4,3
"1041",59,"12",4,4
"1042",60,"12",5,5
"1043",61,"10",4,5
"1044",62,"12",2,2
"1045",63,"11",3,2
"1046",64,"11",4,4
"1047",65,"11",4,3
"1048",66,"12",4,3
"1049",67,"10",1,2
"1050",68,"11",5,4
"1051",69,"10",5,4
"1052",70,"10",3,4
"1053",71,"12",4,3
"1054",72,"11",4,3
"1055",73,"10",3,5
"1056",74,"10",2,2
"1057",75,"11",5,5
"1058",76,"10",3,4
"1059",77,"11",4,3
"1060",78,"12",5,5
"1061",79,"11",4,4
"1062",82,"10",1,1
"1063",83,"12",3,2
"1064",84,"10",2,2
"1065",85,"12",4,4
"1066",86,"11",2,3
"1067",87,"11",4,4
"1068",88,"10",3,2
"1069",89,"11",4,5
"1070",90,"12",4,3
"1071",91,"11",5,5
"1072",92,"12",2,1
"1073",93,"12",4,4
"1074",94,"12",4,4
"1075",95,"10",4,4
"1076",96,"10",2,1
"1077",97,"10",4,5
"1078",98,"10",5,4
"1079",99,"11",4,3
"1080",100,"12",5,4
"1081",101,"11",5,5
"1082",102,"11",4,2
"1083",103,"11",5,5
"1084",104,"12",4,3
"1085",105,"12",4,4
"1086",106,"12",4,4
"1087",107,"10",4,4
"1088",108,"11",4,3
"1089",109,"10",4,3
"1090",110,"10",4,4
"1091",111,"11",4,5
"1092",112,"12",4,3
"1093",113,"11",5,5
"1094",114,"11",3,2
"1095",115,"12",4,4
"1096",116,"12",4,5
"1097",117,"10",4,4
"1098",118,"12",5,5
"1099",119,"10",2,3
"1100",120,"12",1,1
"1101",121,"10",2,3
"1102",122,"10",4,5
"1103",123,"11",2,2
"1104",124,"11",4,5
"1105",125,"11",4,4
"1106",126,"10",2,5
"1107",127,"12",5,5
"1108",128,"10",2,2
"1109",129,"12",5,5
"1110",130,"11",4,3
"1111",131,"12",3,4
"1112",132,"10",1,2
"1113",133,"10",2,1
"1114",134,"11",3,3
"1115",135,"11",5,5
"1116",136,"11",5,4
"1117",137,"11",3,3
"1118",138,"10",4,5
"1119",139,"11",5,5
"1120",140,"12",4,3
"1121",141,"12",4,4
"1122",142,"12",5,5
"1123",143,"12",4,5
"1124",144,"10",4,4
"1125",145,"11",4,3
"1126",146,"10",1,2
"1127",147,"11",5,5
"1128",148,"10",2,2
"1129",149,"10",2,2
"1130",150,"11",4,4
"1131",151,"11",3,1
"1132",152,"11",5,4
"1133",153,"12",3,3
"1134",154,"12",3,3
"1135",155,"10",3,2
"1136",156,"10",4,4
"1137",157,"11",4,4
"1138",158,"11",1,1
"1139",159,"11",5,5
"1140",160,"11",3,3
"1141",161,"10",3,3
"1142",162,"10",4,4
"1143",163,"10",1,1
"1144",164,"11",4,4
"1145",165,"12",5,5
"1146",167,"11",1,1
"1147",168,"12",2,3
"1148",169,"12",4,3
"1149",170,"11",5,4
"1150",171,"12",4,5
"1151",173,"10",4,5
"1152",174,"12",5,4
"1153",176,"12",4,3
"1154",177,"12",4,5
"1155",178,"10",5,5
"1156",179,"10",2,1
"1157",180,"12",3,3
"1158",181,"10",4,5
"1159",183,"11",5,4
"1160",184,"10",3,3
"1161",185,"10",2,1
"1162",186,"11",4,5
"1163",187,"12",3,4
"1164",188,"10",4,5
"1165",189,"10",3,3
"1166",190,"12",4,2
"1167",191,"11",1,1
"1168",192,"12",1,1
"1169",193,"11",3,2
"1170",194,"11",5,5
"1171",195,"10",4,4
"1172",196,"12",5,5
"1173",197,"12",5,4
"1174",198,"10",1,2
"1175",199,"12",4,4
"1176",200,"11",4,4
"1177",201,"12",4,5
"1178",202,"10",3,3
"1179",203,"10",4,3
"1180",204,"12",3,3
"1181",205,"10",4,3
"1182",206,"10",4,4
"1183",207,"12",1,1
"1184",208,"10",3,4
"1185",209,"11",5,5
"1186",210,"12",4,4
"1187",211,"12",4,4
"1188",212,"12",4,4
"1189",213,"12",2,3
"1190",214,"12",5,5
"1191",215,"12",2,1
"1192",216,"12",1,1
"1193",217,"11",2,1
"1194",218,"12",4,3
"1195",219,"12",5,5
"1196",220,"10",3,3
"1197",221,"11",5,5
"1198",223,"10",4,4
"1199",224,"12",4,3
"1200",225,"11",3,3
"1201",226,"11",3,5
"1202",227,"10",3,3
"1203",228,"10",3,4
"1204",229,"12",4,4
"1205",230,"11",4,2
"1206",231,"12",4,4
"1207",232,"11",4,4
"1208",233,"11",4,4
"1209",234,"11",1,1
"1210",235,"10",4,4
"1211",236,"10",1,1
"1212",237,"10",4,4
"1213",238,"12",4,2
"1214",239,"12",5,4
"1215",240,"11",5,4
"1216",241,"12",5,5
"1217",243,"11",4,4
"1218",244,"11",4,4
"1219",245,"11",2,2
"1220",246,"10",5,5
"1221",247,"12",4,5
"1222",248,"10",4,4
"1223",249,"10",3,3
"1224",250,"11",4,3
"1225",251,"12",5,5
"1226",252,"10",5,4
"1227",253,"10",4,4
"1228",254,"10",3,4
"1229",255,"11",5,4
"1230",256,"11",2,1
"1231",257,"10",4,4
"1232",258,"11",5,5
"1233",259,"12",4,3
"1234",260,"10",3,3
"1235",261,"12",4,4
"1236",262,"10",3,4
"1237",263,"11",4,4
"1238",264,"10",4,5
"1239",265,"12",4,3
"1240",266,"11",4,5
"1241",267,"12",4,4
"1242",268,"12",4,4
"1243",269,"11",5,4
"1244",270,"12",2,2
"1245",272,"10",5,5
"1246",273,"11",4,4
"1247",274,"11",3,2
"1248",275,"10",4,4
"1249",276,"12",5,5
"1250",277,"12",4,5
"1251",278,"11",2,3
"1252",279,"10",3,3
"1253",280,"11",4,4
"1254",281,"10",4,3
"1255",282,"12",4,5
"1256",283,"11",5,4
"1257",284,"10",4,4
"1258",285,"10",4,4
"1259",287,"11",5,5
"1260",288,"10",4,5
"1261",289,"12",4,5
"1262",290,"10",4,4
"1263",291,"12",5,5
"1264",293,"11",4,4
"1265",294,"11",3,2
"1266",295,"10",5,5
"1267",296,"10",4,4
"1268",297,"11",5,5
"1269",298,"10",4,4
"1270",299,"11",5,5
"1271",300,"12",5,4
"1272",301,"12",4,5
"1273",302,"11",4,4
"1274",303,"12",4,4
"1275",304,"12",3,2
"1276",305,"12",2,3
"1277",307,"10",3,3
"1278",308,"10",3,4
"1279",309,"10",5,5
"1280",310,"12",4,4
"1281",311,"11",1,1
"1282",312,"12",5,5
"1283",313,"11",3,3
"1284",314,"12",2,1
"1285",315,"11",3,4
"1286",316,"10",4,3
"1287",317,"11",3,3
"1288",318,"12",4,3
"1289",319,"12",4,5
"1290",320,"11",4,4
"1291",321,"11",4,4
"1292",322,"12",3,4
"1293",323,"10",4,5
"1294",324,"11",3,4
"1295",325,"10",2,2
"1296",326,"12",5,4
"1297",327,"10",3,3
"1298",328,"10",4,4
"1299",329,"10",3,4
"1300",330,"12",4,3
"1301",331,"12",3,4
"1302",332,"12",3,4
"1303",333,"10",3,4
"1304",334,"10",3,4
"1305",335,"11",5,5
"1306",336,"10",4,5
"1307",337,"11",4,5
"1308",338,"10",1,2
"1309",339,"12",2,2
"1310",340,"11",5,4
"1311",341,"12",4,3
"1312",342,"11",4,3
"1313",1,"13",3,4
"1314",2,"14",4,3
"1315",3,"15",4,4
"1316",4,"14",4,5
"1317",5,"14",4,5
"1318",6,"14",4,5
"1319",7,"13",3,4
"1320",8,"13",3,3
"1321",9,"15",4,3
"1322",10,"15",3,4
"1323",11,"13",5,5
"1324",12,"13",4,4
"1325",13,"14",4,4
"1326",14,"14",4,4
"1327",15,"14",4,4
"1328",16,"14",4,3
"1329",18,"15",2,2
"1330",19,"15",4,5
"1331",20,"13",5,4
"1332",21,"15",4,4
"1333",22,"15",4,4
"1334",23,"13",3,3
"1335",24,"14",1,1
"1336",25,"14",5,4
"1337",26,"13",4,4
"1338",27,"15",4,4
"1339",28,"14",4,3
"1340",29,"15",4,4
"1341",30,"14",2,1
"1342",31,"15",3,4
"1343",32,"14",4,4
"1344",33,"15",3,4
"1345",34,"15",3,2
"1346",35,"13",3,3
"1347",36,"13",4,4
"1348",37,"13",4,5
"1349",38,"13",4,3
"1350",39,"14",3,3
"1351",40,"15",4,4
"1352",41,"14",1,2
"1353",42,"14",4,3
"1354",43,"14",4,3
"1355",44,"15",5,5
"1356",45,"13",4,5
"1357",46,"14",3,4
"1358",47,"15",4,4
"1359",48,"15",3,4
"1360",49,"14",3,4
"1361",50,"15",1,1
"1362",51,"13",5,4
"1363",52,"14",2,2
"1364",53,"13",3,3
"1365",55,"14",2,1
"1366",56,"15",5,4
"1367",57,"14",2,3
"1368",58,"13",4,5
"1369",59,"14",3,3
"1370",60,"15",4,4
"1371",61,"13",3,3
"1372",62,"13",2,2
"1373",63,"15",1,1
"1374",64,"14",4,4
"1375",65,"13",3,4
"1376",66,"15",4,5
"1377",67,"15",4,4
"1378",68,"13",5,4
"1379",69,"15",4,3
"1380",70,"13",3,3
"1381",71,"13",3,3
"1382",72,"15",2,2
"1383",73,"14",3,5
"1384",74,"14",2,2
"1385",75,"15",5,5
"1386",76,"14",3,4
"1387",77,"15",3,3
"1388",78,"13",5,5
"1389",79,"13",4,3
"1390",82,"14",2,2
"1391",83,"15",3,4
"1392",84,"13",2,1
"1393",85,"15",4,4
"1394",86,"14",4,3
"1395",87,"13",2,2
"1396",88,"14",2,3
"1397",89,"14",2,3
"1398",90,"14",3,4
"1399",91,"13",5,5
"1400",92,"14",4,5
"1401",93,"15",4,4
"1402",94,"15",2,2
"1403",95,"14",3,3
"1404",96,"14",1,2
"1405",97,"13",4,5
"1406",98,"13",5,5
"1407",99,"13",4,3
"1408",100,"15",5,4
"1409",101,"13",4,3
"1410",102,"14",4,2
"1411",103,"14",4,3
"1412",104,"14",2,2
"1413",105,"15",4,4
"1414",106,"15",5,5
"1415",107,"13",5,5
"1416",108,"13",4,4
"1417",109,"15",3,4
"1418",110,"13",5,5
"1419",111,"13",4,5
"1420",112,"14",5,4
"1421",113,"15",5,5
"1422",114,"14",2,2
"1423",115,"15",4,4
"1424",116,"15",4,4
"1425",117,"13",5,5
"1426",118,"15",5,5
"1427",119,"15",3,4
"1428",120,"14",4,4
"1429",121,"15",2,3
"1430",122,"15",5,5
"1431",123,"14",4,5
"1432",124,"14",2,2
"1433",125,"14",5,5
"1434",126,"13",4,3
"1435",127,"15",4,5
"1436",128,"13",2,2
"1437",129,"13",4,4
"1438",130,"14",3,2
"1439",131,"15",4,5
"1440",132,"13",4,5
"1441",133,"14",1,1
"1442",134,"15",4,3
"1443",135,"14",3,2
"1444",136,"14",4,3
"1445",137,"13",2,3
"1446",138,"14",5,4
"1447",139,"13",5,5
"1448",140,"13",5,5
"1449",141,"15",2,3
"1450",142,"15",4,4
"1451",143,"14",4,3
"1452",144,"15",4,4
"1453",145,"13",3,4
"1454",146,"14",3,4
"1455",147,"14",1,1
"1456",148,"13",5,5
"1457",149,"13",3,3
"1458",150,"14",4,4
"1459",151,"14",4,3
"1460",152,"13",4,4
"1461",153,"15",5,5
"1462",154,"15",3,4
"1463",155,"13",4,4
"1464",156,"13",4,4
"1465",157,"15",5,4
"1466",158,"14",4,4
"1467",159,"13",5,4
"1468",160,"13",4,4
"1469",161,"15",4,4
"1470",162,"15",3,3
"1471",163,"14",2,2
"1472",164,"13",5,5
"1473",165,"14",2,2
"1474",167,"13",4,3
"1475",168,"13",1,1
"1476",169,"15",3,4
"1477",170,"14",3,2
"1478",171,"13",3,2
"1479",173,"15",4,5
"1480",174,"13",4,4
"1481",176,"15",3,3
"1482",177,"14",3,3
"1483",178,"15",4,5
"1484",179,"15",1,1
"1485",180,"15",3,4
"1486",181,"13",4,5
"1487",183,"14",2,3
"1488",184,"14",2,3
"1489",185,"13",2,1
"1490",186,"13",4,4
"1491",187,"15",3,4
"1492",188,"13",4,3
"1493",189,"14",2,2
"1494",190,"13",4,2
"1495",191,"15",5,5
"1496",192,"14",2,1
"1497",193,"14",4,4
"1498",194,"14",4,3
"1499",195,"14",5,5
"1500",196,"13",5,5
"1501",197,"13",4,2
"1502",198,"13",2,1
"1503",199,"15",3,4
"1504",200,"15",4,4
"1505",201,"13",4,4
"1506",202,"13",5,4
"1507",203,"14",2,4
"1508",204,"14",3,3
"1509",205,"13",4,4
"1510",206,"13",3,3
"1511",207,"15",1,1
"1512",208,"14",4,4
"1513",209,"15",3,3
"1514",210,"15",3,3
"1515",211,"15",4,5
"1516",212,"14",2,3
"1517",213,"13",3,3
"1518",214,"15",5,5
"1519",215,"15",3,3
"1520",216,"13",5,3
"1521",217,"14",2,1
"1522",218,"15",4,4
"1523",219,"15",4,2
"1524",220,"13",3,3
"1525",221,"13",5,4
"1526",223,"13",4,4
"1527",224,"15",5,5
"1528",225,"15",3,3
"1529",226,"14",5,4
"1530",227,"13",4,4
"1531",228,"14",4,5
"1532",229,"15",4,4
"1533",230,"14",2,1
"1534",231,"15",5,4
"1535",232,"14",2,3
"1536",233,"13",4,5
"1537",234,"15",3,3
"1538",235,"14",2,1
"1539",236,"14",1,1
"1540",237,"13",5,4
"1541",238,"14",4,2
"1542",239,"13",3,3
"1543",240,"13",4,5
"1544",241,"13",5,5
"1545",243,"15",4,4
"1546",244,"14",4,4
"1547",245,"13",3,3
"1548",246,"15",4,4
"1549",247,"14",5,4
"1550",248,"13",3,3
"1551",249,"15",2,2
"1552",250,"14",4,4
"1553",251,"15",5,4
"1554",252,"15",5,4
"1555",253,"14",3,3
"1556",254,"13",5,4
"1557",255,"13",5,5
"1558",256,"15",3,1
"1559",257,"14",4,4
"1560",258,"14",3,3
"1561",259,"15",3,4
"1562",260,"13",3,3
"1563",261,"13",3,3
"1564",262,"15",5,3
"1565",263,"15",3,4
"1566",264,"15",4,4
"1567",265,"15",4,4
"1568",266,"15",3,4
"1569",267,"13",3,3
"1570",268,"14",1,1
"1571",269,"15",5,4
"1572",270,"15",4,4
"1573",272,"14",5,5
"1574",273,"14",2,3
"1575",274,"14",3,4
"1576",275,"15",4,4
"1577",276,"13",5,5
"1578",277,"15",4,4
"1579",278,"15",5,5
"1580",279,"13",4,4
"1581",280,"15",5,5
"1582",281,"13",4,4
"1583",282,"15",4,2
"1584",283,"13",4,3
"1585",284,"15",5,5
"1586",285,"13",3,1
"1587",287,"13",5,5
"1588",288,"14",5,5
"1589",289,"13",4,4
"1590",290,"15",4,4
"1591",291,"13",5,5
"1592",293,"15",4,3
"1593",294,"15",4,2
"1594",295,"13",5,5
"1595",296,"14",3,3
"1596",297,"15",5,5
"1597",298,"14",2,2
"1598",299,"13",5,5
"1599",300,"14",4,5
"1600",301,"13",3,4
"1601",302,"14",5,5
"1602",303,"14",1,2
"1603",304,"14",3,3
"1604",305,"15",3,2
"1605",307,"13",3,3
"1606",308,"14",2,2
"1607",309,"13",4,5
"1608",310,"14",2,2
"1609",311,"15",1,1
"1610",312,"13",5,5
"1611",313,"13",4,4
"1612",314,"14",1,2
"1613",315,"14",4,4
"1614",316,"13",4,4
"1615",317,"14",3,3
"1616",318,"15",4,4
"1617",319,"15",4,5
"1618",320,"14",3,3
"1619",321,"15",4,5
"1620",322,"14",3,3
"1621",323,"13",5,5
"1622",324,"13",4,3
"1623",325,"15",2,2
"1624",326,"15",4,5
"1625",327,"14",3,4
"1626",328,"13",4,4
"1627",329,"14",3,3
"1628",330,"14",2,1
"1629",331,"15",3,4
"1630",332,"13",4,3
"1631",333,"13",4,5
"1632",334,"14",3,4
"1633",335,"15",1,1
"1634",336,"14",2,2
"1635",337,"13",5,4
"1636",338,"14",4,2
"1637",339,"15",2,2
"1638",340,"14",5,4
"1639",341,"14",4,5
"1640",342,"13",4,4
"1641",1,"16",2,3
"1642",2,"17",4,3
"1643",3,"17",2,2
"1644",4,"17",4,3
"1645",5,"17",4,5
"1646",6,"16",1,1
"1647",7,"16",2,3
"1648",8,"17",3,3
"1649",9,"16",5,4
"1650",10,"16",4,3
"1651",11,"17",5,4
"1652",12,"16",3,3
"1653",13,"16",3,3
"1654",14,"17",3,3
"1655",15,"16",4,4
"1656",16,"17",4,3
"1657",18,"16",1,1
"1658",19,"16",1,1
"1659",20,"17",5,5
"1660",21,"16",4,4
"1661",22,"16",2,2
"1662",23,"17",3,3
"1663",24,"16",2,2
"1664",25,"16",5,5
"1665",26,"17",3,3
"1666",27,"17",3,2
"1667",28,"16",3,3
"1668",29,"16",2,1
"1669",30,"16",3,3
"1670",31,"16",3,4
"1671",32,"17",3,3
"1672",33,"17",3,4
"1673",34,"17",4,4
"1674",35,"17",2,2
"1675",36,"17",4,4
"1676",37,"17",2,5
"1677",38,"17",4,4
"1678",39,"16",4,4
"1679",40,"17",3,3
"1680",41,"16",3,3
"1681",42,"16",3,4
"1682",43,"16",4,4
"1683",44,"17",5,5
"1684",45,"17",3,5
"1685",46,"16",4,3
"1686",47,"16",5,4
"1687",48,"16",4,4
"1688",49,"16",2,1
"1689",50,"16",1,2
"1690",51,"17",2,2
"1691",52,"17",3,3
"1692",53,"16",4,4
"1693",55,"16",4,4
"1694",56,"17",5,4
"1695",57,"16",3,3
"1696",58,"17",5,4
"1697",59,"16",5,5
"1698",60,"16",3,2
"1699",61,"16",4,3
"1700",62,"17",3,3
"1701",63,"17",1,1
"1702",64,"16",1,1
"1703",65,"17",5,3
"1704",66,"17",2,1
"1705",67,"16",1,1
"1706",68,"17",4,4
"1707",69,"16",4,3
"1708",70,"17",3,4
"1709",71,"16",2,2
"1710",72,"17",4,3
"1711",73,"17",3,5
"1712",74,"16",3,3
"1713",75,"17",5,5
"1714",76,"16",3,4
"1715",77,"17",5,4
"1716",78,"16",2,3
"1717",79,"16",3,3
"1718",82,"17",1,1
"1719",83,"17",1,3
"1720",84,"16",3,2
"1721",85,"17",3,2
"1722",86,"16",3,4
"1723",87,"17",2,2
"1724",88,"16",3,2
"1725",89,"16",4,2
"1726",90,"17",4,3
"1727",91,"17",4,5
"1728",92,"17",5,5
"1729",93,"17",4,4
"1730",94,"17",4,4
"1731",95,"17",3,4
"1732",96,"16",3,2
"1733",97,"16",4,5
"1734",98,"17",5,4
"1735",99,"16",5,3
"1736",100,"17",2,2
"1737",101,"17",2,3
"1738",102,"17",4,3
"1739",103,"16",4,3
"1740",104,"17",2,1
"1741",105,"16",4,3
"1742",106,"17",3,4
"1743",107,"17",3,3
"1744",108,"16",4,3
"1745",109,"16",3,4
"1746",110,"16",4,4
"1747",111,"17",5,4
"1748",112,"17",4,5
"1749",113,"17",5,5
"1750",114,"16",3,3
"1751",115,"16",3,3
"1752",116,"17",3,3
"1753",117,"16",5,5
"1754",118,"17",5,5
"1755",119,"16",5,4
"1756",120,"17",5,5
"1757",121,"16",4,4
"1758",122,"16",4,4
"1759",123,"17",4,3
"1760",124,"16",2,2
"1761",125,"16",4,4
"1762",126,"16",4,2
"1763",127,"16",5,4
"1764",128,"17",3,4
"1765",129,"17",5,4
"1766",130,"16",3,3
"1767",131,"17",5,4
"1768",132,"17",2,1
"1769",133,"17",1,1
"1770",134,"16",2,3
"1771",135,"17",3,3
"1772",136,"16",5,4
"1773",137,"16",2,3
"1774",138,"16",4,4
"1775",139,"16",4,4
"1776",140,"17",4,3
"1777",141,"16",3,3
"1778",142,"17",5,5
"1779",143,"16",3,2
"1780",144,"16",4,4
"1781",145,"17",4,3
"1782",146,"16",1,2
"1783",147,"17",4,3
"1784",148,"16",3,3
"1785",149,"16",3,3
"1786",150,"17",3,4
"1787",151,"17",2,3
"1788",152,"17",4,3
"1789",153,"17",3,3
"1790",154,"16",4,3
"1791",155,"17",4,3
"1792",156,"16",4,4
"1793",157,"16",4,4
"1794",158,"16",1,1
"1795",159,"17",4,5
"1796",160,"16",4,4
"1797",161,"16",4,3
"1798",162,"17",4,4
"1799",163,"17",1,2
"1800",164,"16",4,4
"1801",165,"16",3,3
"1802",167,"16",4,4
"1803",168,"17",2,1
"1804",169,"16",4,4
"1805",170,"17",4,5
"1806",171,"17",2,2
"1807",173,"17",5,4
"1808",174,"16",5,4
"1809",176,"17",5,4
"1810",177,"17",5,5
"1811",178,"17",5,5
"1812",179,"17",1,1
"1813",180,"16",5,5
"1814",181,"16",4,4
"1815",183,"16",3,2
"1816",184,"17",4,4
"1817",185,"16",4,4
"1818",186,"16",4,5
"1819",187,"17",3,2
"1820",188,"17",4,4
"1821",189,"17",4,4
"1822",190,"16",3,4
"1823",191,"16",5,5
"1824",192,"16",4,3
"1825",193,"17",5,4
"1826",194,"17",2,2
"1827",195,"16",4,4
"1828",196,"17",5,5
"1829",197,"17",2,4
"1830",198,"16",3,2
"1831",199,"17",4,4
"1832",200,"16",5,4
"1833",201,"17",5,5
"1834",202,"17",4,3
"1835",203,"16",4,3
"1836",204,"17",5,4
"1837",205,"16",3,4
"1838",206,"16",2,2
"1839",207,"16",2,2
"1840",208,"16",2,3
"1841",209,"16",5,5
"1842",210,"17",4,4
"1843",211,"16",3,3
"1844",212,"16",3,3
"1845",213,"17",3,3
"1846",214,"17",4,4
"1847",215,"17",2,1
"1848",216,"16",5,5
"1849",217,"17",3,2
"1850",218,"16",2,2
"1851",219,"17",3,4
"1852",220,"16",4,3
"1853",221,"17",4,5
"1854",223,"17",4,4
"1855",224,"17",3,3
"1856",225,"17",3,3
"1857",226,"16",3,4
"1858",227,"17",3,3
"1859",228,"16",4,5
"1860",229,"16",3,3
"1861",230,"16",3,2
"1862",231,"16",4,4
"1863",232,"17",3,4
"1864",233,"16",5,4
"1865",234,"16",2,1
"1866",235,"17",4,4
"1867",236,"17",2,2
"1868",237,"16",4,4
"1869",238,"17",2,3
"1870",239,"17",2,2
"1871",240,"16",4,4
"1872",241,"16",4,4
"1873",243,"16",5,5
"1874",244,"17",4,5
"1875",245,"16",3,3
"1876",246,"17",4,4
"1877",247,"17",4,5
"1878",248,"17",3,4
"1879",249,"16",4,3
"1880",250,"16",3,2
"1881",251,"16",4,5
"1882",252,"16",5,4
"1883",253,"17",2,2
"1884",254,"16",4,4
"1885",255,"16",4,5
"1886",256,"16",2,1
"1887",257,"17",5,5
"1888",258,"17",2,2
"1889",259,"17",4,3
"1890",260,"17",2,2
"1891",261,"17",2,2
"1892",262,"17",2,1
"1893",263,"16",4,4
"1894",264,"17",4,5
"1895",265,"17",3,3
"1896",266,"16",4,3
"1897",267,"17",3,3
"1898",268,"16",3,3
"1899",269,"17",2,1
"1900",270,"17",2,2
"1901",272,"16",5,5
"1902",273,"16",4,4
"1903",274,"17",4,5
"1904",275,"17",4,4
"1905",276,"17",5,5
"1906",277,"17",5,4
"1907",278,"17",5,5
"1908",279,"17",2,2
"1909",280,"17",4,4
"1910",281,"16",5,4
"1911",282,"17",5,5
"1912",283,"17",3,2
"1913",284,"17",2,2
"1914",285,"16",4,4
"1915",287,"17",5,4
"1916",288,"17",4,3
"1917",289,"16",5,5
"1918",290,"16",4,4
"1919",291,"17",4,4
"1920",293,"17",4,3
"1921",294,"16",1,2
"1922",295,"17",5,5
"1923",296,"16",4,4
"1924",297,"16",5,5
"1925",298,"17",4,4
"1926",299,"16",3,3
"1927",300,"16",5,4
"1928",301,"16",3,4
"1929",302,"17",1,2
"1930",303,"17",1,1
"1931",304,"16",3,2
"1932",305,"16",3,2
"1933",307,"17",4,4
"1934",308,"16",3,4
"1935",309,"16",2,2
"1936",310,"16",2,2
"1937",311,"16",1,1
"1938",312,"17",5,5
"1939",313,"16",4,4
"1940",314,"17",2,2
"1941",315,"17",5,4
"1942",316,"16",3,3
"1943",317,"17",2,3
"1944",318,"16",4,5
"1945",319,"17",4,5
"1946",320,"16",3,3
"1947",321,"16",3,3
"1948",322,"16",3,4
"1949",323,"17",2,2
"1950",324,"17",4,5
"1951",325,"16",3,3
"1952",326,"17",4,3
"1953",327,"16",3,3
"1954",328,"17",2,3
"1955",329,"16",3,4
"1956",330,"17",3,4
"1957",331,"16",3,3
"1958",332,"17",4,3
"1959",333,"17",4,3
"1960",334,"16",3,3
"1961",335,"16",1,1
"1962",336,"16",4,4
"1963",337,"17",4,5
"1964",338,"17",1,1
"1965",339,"16",4,4
"1966",340,"16",5,4
"1967",341,"16",3,3
"1968",342,"16",2,1
